{
  "btc_up_days": 25,
  "btc_down_days": 32,
  "up_day_correlation": {
    "IREN": -0.12704699171557762,
    "CIFR": 0.02475552327633159,
    "CLSK": 0.16695363622114878,
    "HUT": -0.04092227289643554,
    "CORZ": -0.011232756536224237
  },
  "down_day_correlation": {
    "IREN": 0.23710431980743546,
    "CIFR": 0.1298142029519944,
    "CLSK": 0.49006759312939446,
    "HUT": 0.37085462560536436,
    "CORZ": 0.3319353185288663
  },
  "avg_move_btc_up": {
    "IREN": 2.631401499873374,
    "CIFR": 2.0618796448414405,
    "CLSK": 3.1424501435166485,
    "HUT": 2.26551435644257,
    "CORZ": 1.350967548722033
  },
  "avg_move_btc_down": {
    "IREN": -2.084264549870894,
    "CIFR": -1.5762514176843532,
    "CLSK": -3.2298587191639525,
    "HUT": -1.006522242135243,
    "CORZ": -1.2845733898784784
  },
  "win_rate_overall": {
    "IREN": 43.859649122807014,
    "CIFR": 47.368421052631575,
    "CLSK": 42.10526315789473,
    "HUT": 57.89473684210527,
    "CORZ": 45.614035087719294
  },
  "win_rate_btc_up": {
    "IREN": 60.0,
    "CIFR": 64.0,
    "CLSK": 72.0,
    "HUT": 72.0,
    "CORZ": 60.0
  },
  "win_rate_btc_down": {
    "IREN": 31.25,
    "CIFR": 34.375,
    "CLSK": 18.75,
    "HUT": 46.875,
    "CORZ": 34.375
  },
  "all_same_direction_pct": 52.63157894736842
}