{
  "timestamp": "2026-01-23T21:48:28.194306",
  "data": {
    "vix_level": 16.09000015258789,
    "vix_change": 0.4499998092651367,
    "vix_regime": "NEUTRAL",
    "vix_vs_avg": 4.378853015927753,
    "dxy_level": 97.50199890136719,
    "dxy_daily_change": -0.8723075474382225,
    "dxy_20d_momentum": -0.4878591949268207,
    "dxy_trend": "FLAT",
    "oil_level": 61.29999923706055,
    "oil_daily_change": 3.2681917229810065,
    "oil_20d_momentum": 5.055699811625214,
    "us10y_yield": 4.238999843597412,
    "us10y_daily_change": -0.010000228881835938,
    "us10y_20d_change": 0.10299968719482422,
    "spx_level": 6915.60986328125,
    "spx_daily_change": 0.03268698377891788,
    "spx_20d_momentum": -0.23715844330970404,
    "risk_mode": "NEUTRAL",
    "btc_price": 89332.0625,
    "btc_daily_change": -0.1457489935110745,
    "btc_7d_momentum": -6.065051643871289,
    "silver_price": 103.05000305175781,
    "gold_silver_ratio": 48.352256649714924,
    "silver_daily_change": 7.370598149440943,
    "eurusd_level": 1.1828720569610596,
    "eurusd_daily_change": 1.3342834970231365,
    "gold_price": 4982.7001953125,
    "gold_daily_change": 1.5054676003374734
  }
}