{
  "timestamp": "2026-01-23T17:11:22.958712",
  "data": {
    "vix_level": 15.420000076293945,
    "vix_change": -0.2200002670288086,
    "vix_regime": "NEUTRAL",
    "vix_vs_avg": 0.2503014553889127,
    "dxy_level": 98.0270004272461,
    "dxy_daily_change": -0.33855244107270366,
    "dxy_20d_momentum": 0.047965981529207724,
    "dxy_trend": "FLAT",
    "oil_level": 61.09000015258789,
    "oil_daily_change": 2.9144196840433345,
    "oil_20d_momentum": 4.695804199004416,
    "us10y_yield": 4.255000114440918,
    "us10y_daily_change": 0.006000041961669922,
    "us10y_20d_change": 0.11899995803833008,
    "spx_level": 6923.3701171875,
    "spx_daily_change": 0.14493725024351534,
    "spx_20d_momentum": -0.12521098007880482,
    "risk_mode": "NEUTRAL",
    "btc_price": 89918.6875,
    "btc_daily_change": 0.5099730211539422,
    "btc_7d_momentum": -5.4482004536346995,
    "silver_price": 100.83000183105469,
    "gold_silver_ratio": 49.415848528941076,
    "silver_daily_change": 5.057518557976359,
    "eurusd_level": 1.1782727241516113,
    "eurusd_daily_change": 0.940267853431731,
    "gold_price": 4982.60009765625,
    "gold_daily_change": 1.5034284530869746
  }
}