{
  "timestamp": "2026-01-23T16:23:15.632186",
  "data": {
    "vix_level": 15.399999618530273,
    "vix_change": -0.24000072479248047,
    "vix_regime": "NEUTRAL",
    "vix_vs_avg": 0.1267818566518919,
    "dxy_level": 98.20099639892578,
    "dxy_daily_change": -0.16165535831549338,
    "dxy_20d_momentum": 0.2255491267816323,
    "dxy_trend": "FLAT",
    "oil_level": 60.88999938964844,
    "oil_daily_change": 2.5774911785126697,
    "oil_20d_momentum": 4.3530436708646425,
    "us10y_yield": 4.238999843597412,
    "us10y_daily_change": -0.010000228881835938,
    "us10y_20d_change": 0.10299968719482422,
    "spx_level": 6926.009765625,
    "spx_daily_change": 0.1831191504830798,
    "spx_20d_momentum": -0.08713207828391356,
    "risk_mode": "NEUTRAL",
    "btc_price": 89572.1640625,
    "btc_daily_change": 0.12263350005248252,
    "btc_7d_momentum": -5.812578710386029,
    "silver_price": 100.44999694824219,
    "gold_silver_ratio": 49.51120013379733,
    "silver_daily_change": 4.661581145468041,
    "eurusd_level": 1.1761938333511353,
    "eurusd_daily_change": 0.7621734361233923,
    "gold_price": 4973.39990234375,
    "gold_daily_change": 1.316005953116317
  }
}