{"train_loss": [2.327806685447693, 0.8981894536018371, 0.5996103069782257, 0.5115580816268921, 0.45732960319519045, 0.43274962091445923, 0.3791548969745636, 0.3537803454399109, 0.34294285929203033, 0.3379180842638016, 0.34521032631397247, 0.3169408816099167, 0.3144046924114227, 0.3104699043035507, 0.3120742928981781, 0.31224461674690246, 0.3059319976568222, 0.3137363034486771, 0.29316237819194796, 0.2936589090824127, 0.29178258728981016, 0.28583049964904783, 0.28274453508853914, 0.2829450650215149, 0.29470784628391267, 0.28591166269779206, 0.28035147845745084, 0.29055352890491487, 0.28317146611213684, 0.284129891872406, 0.28438769686222076, 0.28196195781230926, 0.2780827714204788, 0.2792607257962227, 0.27889887464046476, 0.2791997221708298, 0.2775268127322197, 0.27719033539295196, 0.275997177362442, 0.276864355802536, 0.27492063748836515, 0.2761753705739975, 0.2754677686691284, 0.275241232573986, 0.27319830924272537, 0.2720825523138046, 0.271344254732132, 0.2712112778425217, 0.2706333240270615, 0.27109108233451845], "train_acc": [27.75, 60.325, 70.625, 73.625, 75.7625, 78.2, 80.1125, 81.0, 81.35, 81.6375, 81.25, 82.3, 82.1, 82.4375, 82.1, 82.45, 82.825, 82.6, 83.0, 83.325, 83.2875, 83.25, 83.15, 83.3, 83.3625, 83.1375, 83.625, 83.3, 83.2375, 83.7625, 83.85, 83.775, 84.0375, 83.725, 83.6875, 83.825, 83.9625, 83.875, 84.2, 84.075, 84.4375, 84.3625, 84.2125, 84.5375, 85.0625, 84.775, 85.125, 85.35, 84.75, 85.1375], "val_loss": [1.1885751225054264, 0.7935723215341568, 9.911621928215027, 0.43271797243505716, 0.9974317532032728, 1.1758409142494202, 0.4785825163125992, 0.319741718005389, 0.3559242244809866, 0.3377642519772053, 0.33452124148607254, 0.30235433764755726, 0.3409203258343041, 0.324081655126065, 0.3147562248632312, 0.9341158512979746, 0.29748037131503224, 0.32863386208191514, 0.3035373901948333, 0.3357718945480883, 0.3064985629171133, 0.2925445195287466, 0.2964384388178587, 0.30780920200049877, 0.29622093215584755, 0.30956063512712717, 0.2998170852661133, 0.30222279392182827, 0.34809714183211327, 0.3082433049567044, 0.30203697737306356, 0.31106615625321865, 0.2986090714111924, 0.2987304413691163, 0.3027902999892831, 0.2958782808855176, 0.29543191753327847, 0.29766021855175495, 0.29770400980487466, 0.2951939143240452, 0.2949664662592113, 0.3049141392111778, 0.30130420438945293, 0.30284584080800414, 0.2976474231109023, 0.29866841062903404, 0.2988552525639534, 0.2982532470487058, 0.2988254618830979, 0.2978249164298177], "val_acc": [49.7, 60.55, 16.7, 73.9, 56.55, 64.8, 74.4, 82.1, 81.8, 81.15, 80.8, 81.9, 81.5, 81.0, 82.3, 62.2, 82.35, 81.0, 82.35, 80.85, 81.9, 81.95, 82.75, 81.55, 82.25, 82.15, 81.55, 82.75, 81.85, 81.95, 82.75, 82.7, 82.55, 82.7, 83.3, 83.1, 83.3, 82.05, 82.3, 83.0, 82.9, 83.35, 83.15, 83.05, 83.05, 83.4, 83.1, 83.2, 83.3, 83.2]}